DateTime Stamp,HKXHKD CLOSE Bid Quote,GBPJPY CLOSE Bid Quote,GBPNZD CLOSE Bid Quote,XAUUSD CLOSE Bid Quote,AUDUSD CLOSE Bid Quote,USDCHF CLOSE Bid Quote,BCOUSD CLOSE Bid Quote,EURJPY CLOSE Bid Quote,AUDCAD CLOSE Bid Quote
2017-01-02,22065.327272727274,144.34546530612212,1.7715960791925514,1154.4664623955434,0.7190839681208049,1.0225085230769237,57.126393442622906,122.95007498087224,0.9654372939346811
2017-01-03,22136.797101449276,144.46267108938554,1.7702929236111091,1155.489258720931,0.7222122679692936,1.0271801322199023,56.83558441558448,122.73934375000006,0.9700757301808093
2017-01-04,22172.308724832215,144.29144475330108,1.7683752258512875,1165.7481640058065,0.7270159818308888,1.0232914902506987,55.979999999999976,122.80105489923574,0.9693554791666656
2017-01-05,22496.831357048748,143.32814843205563,1.765291131944445,1177.6894049346906,0.7322208989547027,1.013833602225313,56.667580071174385,122.44153723034093,0.9707047562674115
2017-01-06,22537.020512820513,143.63568302257104,1.7633597450980356,1175.1157522123904,0.7318673627450997,1.0139359803921568,56.96876332622601,123.0183901960787,0.969042612966599
2017-01-08,22528.775757575757,143.68749282296665,1.7595603095238088,1174.5472701949875,0.7311518401937045,1.0174084352078245,56.92251497005982,123.48062291169452,0.9681785885167471
2017-01-09,22565.73746701847,141.6128487394957,1.737639374565673,1180.156569343064,0.7342940807799446,1.0160037569444427,55.71082116788318,122.92054097222228,0.9717173486430053
2017-01-10,22773.407456724366,140.85878858350947,1.7384388656924152,1185.9384252539903,0.7363101184669006,1.0152520083391259,54.510980019029546,122.47455663655317,0.9739939650349677
2017-01-11,22957.40770252324,140.69505624999977,1.730783590277777,1190.1146153846166,0.7413123467966589,1.0165656993736938,54.55067033976127,122.06365462126462,0.9786990055632806
2017-01-12,22899.206307490145,139.77150905292453,1.7163368472222238,1199.0968455402478,0.7492681088625247,1.0093759722222198,55.84648401826483,121.68366990965943,0.9828600278164112
2017-01-13,22959.41919191919,139.77030784313726,1.7118720882352916,1195.9805500982322,0.7488565388397233,1.0087495784313736,55.678107526881796,122.0312794117645,0.9839112647058814
2017-01-15,22762.41212121212,137.50216467780442,1.6918721479713614,1202.2157381615602,0.7485979952267305,1.0102693333333321,55.63465517241381,121.3610928571429,0.9833147961630706
2017-01-16,22766.336912751678,137.47574541607906,1.6968909930555567,1203.8002631578956,0.7473940336134437,1.0111036217725036,55.487192982456264,120.98882986111111,0.9832709580419589
2017-01-17,22919.683311432327,139.02188881167456,1.7106452291666658,1214.1028229317856,0.7544042976356036,1.003115594162617,55.993918406072204,120.83300347463535,0.9855705976372494
2017-01-18,23100.289093298292,139.93962700069605,1.7147309867963842,1209.3915239477496,0.7535196870653686,1.0045667083333372,54.687955596669646,121.38146560111184,0.9922290062543393
2017-01-19,22997.53149606299,141.52288888888887,1.7163325486111056,1203.0801669085645,0.7552284968684739,1.0069999305072983,54.333638077285556,122.33631458333333,1.00439040277778
2017-01-20,22932.928934010153,141.6361186274511,1.7210460784313752,1204.5869389763754,0.7545098231827104,1.0054863886162915,55.05811529933482,122.564091265947,1.0061059803921566
2017-01-22,22986.753012048193,141.17235083532233,1.7245535714285702,1215.8596935933142,0.756607246376811,0.9999874999999994,55.534691943128024,122.11707416267947,1.0062757451923083
2017-01-23,22909.672436751,141.27030945758005,1.7295238472222223,1215.2242350332583,0.7573286657400958,0.9984602499999972,55.20550424128186,121.60169444444415,1.0047730576789455
2017-01-24,22957.18783783784,141.83354027777742,1.7256259652777863,1211.453918722786,0.7570917794836001,0.9999173365785816,55.47981325863679,121.85779305555572,0.9988810416666664
2017-01-25,23114.25850340136,142.96674774148707,1.7338133773453768,1200.8292820884706,0.7555298747390397,0.9995783135888513,55.193849056603725,121.932429861111,0.9893922515635878
2017-01-26,23323.474074074074,144.08834749303622,1.737785121612231,1190.0397167755978,0.7542055625000005,0.9995698540653233,55.88778403755866,122.3476868055555,0.9878362638888903
2017-01-31,23091.621951219513,141.83353787352354,1.7167314315496907,1206.879600870827,0.7569702783576894,0.9913678536585394,55.58864114832534,121.77371855455193,0.9888530458970818
2017-02-01,23278.973684210527,143.1155427380126,1.7366177553856803,1209.0246298984046,0.7586992877094979,0.9916993055555572,56.0780037842951,122.0565041666667,0.9906427866573986
2017-02-02,23087.94888597641,141.66842152777767,1.723296284722224,1216.7669883889703,0.7662106184850584,0.9907795201668976,56.848291782086825,121.47962708333347,0.9971415031315239
2017-02-03,23052.45890410959,141.0976039215685,1.7138743081452388,1215.4447099311674,0.7663667647058816,0.9936809215686263,56.81037569060776,121.48254999999992,0.9982342843137265
2017-02-05,23193.133333333335,140.42518377088322,1.7059832219570406,1222.821114206129,0.7669972946859904,0.9921008536585351,56.89831460674148,121.26176190476198,0.998581646489105
2017-02-06,23250.949333333334,139.83847913769134,1.7036943085476017,1228.7652394775018,0.765395655509066,0.9930717991631796,56.35878846153853,120.45122083333341,1.000328364648576
2017-02-07,23265.056300268097,139.7261619179988,1.7033767338429442,1232.3497895500725,0.7630984005563288,0.9974958663883061,55.15997255260746,119.87118472222225,1.0050383217270213
2017-02-08,23421.868525896414,140.26647291666677,1.7190891591382895,1238.4377124182997,0.7634707719054225,0.9964165692414745,54.980055762081925,119.69724444444435,1.0045632242339853
2017-02-09,23490.418758256274,141.41754791666665,1.7396375191104914,1234.2593110949974,0.7634846336357263,0.9993643205574927,55.59411483253599,120.49227222222233,1.0027184878048814
2017-02-10,23540.676767676767,141.716088235294,1.735792666666667,1228.149685658155,0.7657017271835157,1.003057392156864,56.372308558558586,120.774606862745,1.0039339587426317
2017-02-12,23601.31325301205,142.21260290556907,1.7346864593301434,1230.016295264624,0.7668267710843373,1.0041290952380963,56.628800000000105,120.95276904761901,1.004618014354067
2017-02-13,23623.45183175034,142.34788935281847,1.7423754172461678,1227.0230450581382,0.765782583798881,1.0046498677800983,55.985247148288956,120.70805347222228,1.0016391788448167
2017-02-14,23702.385234899328,142.18458125000026,1.7397361223071555,1227.8054684095875,0.7667738611111111,1.0057072739916564,55.95568460812086,120.6942555555557,1.0017038776928433
2017-02-15,23967.087811271296,142.27673680555546,1.7291672411396857,1229.157989840349,0.7691828362369317,1.0065999861111132,55.73584830339326,120.95520430854751,1.0058034237995834
2017-02-16,24023.825165562914,141.76541962421697,1.7297607430555553,1237.7500290697678,0.7700259762900987,0.9995255114822534,55.758728205128165,120.89616666666656,1.0053829189944146
2017-02-17,23952.654941373534,140.5449450980392,1.7299847151276968,1239.0089292730863,0.7674568664047162,1.0000858137254898,55.518473988439354,120.19455839057902,1.0045793921568602
2017-02-26,23976.854545454546,139.37357380952395,1.7266817619047616,1256.5805013927588,0.768070072289157,1.007611754807692,56.10622406639002,118.48546889952146,1.0065772289156627
2017-02-27,23903.949175824175,139.7584513212795,1.7268702499999995,1255.5524673439738,0.7681190718771815,1.007804324512531,56.40624752475247,119.0270590277778,1.0091007922168154
2017-02-28,23793.02119205298,139.61808762169684,1.7253404378040338,1251.1537545388528,0.767126988873436,1.0055988509749318,56.240144927536285,119.11669909659473,1.0159589422407822
2017-03-01,23847.39894319683,140.10095606694563,1.7263211883252265,1245.2345830311808,0.7662214695591331,1.0094610020876813,56.52436770428018,119.93183194444445,1.021718846421129
2017-03-02,23676.02228047182,140.28792345163566,1.7334436041666654,1238.17376632801,0.7591620278745647,1.012239902642557,55.60809099901083,120.22161111111089,1.015625983321749
2017-03-03,23584.372483221476,140.05008529411776,1.7431470657507318,1229.0829076620826,0.756620147347741,1.0113392843137263,55.4141993281074,120.61731568627461,1.0139871568627454
2017-03-05,23599.963636363635,139.91703579952275,1.749544701670646,1234.1807520891366,0.7580180097087379,1.0083696904761907,55.77745664739886,120.8066214285714,1.0148816870415638
2017-03-06,23620.04376657825,139.51397146833688,1.7482367152777767,1229.057693981146,0.7590110771369019,1.0106545929018753,55.76650145772603,120.5890868658791,1.0169110493398206
2017-03-07,23668.90425531915,139.05442219120738,1.749348020833334,1219.8497677793898,0.7598102233077465,1.0134591835310505,55.99496183206116,120.46458194444446,1.0187895191637653
2017-03-08,23712.82804232804,139.07562186629542,1.7565571299513572,1210.332373004353,0.7545055121951227,1.0142860458651837,54.5848764867337,120.56844930555565,1.015841356050068
2017-03-09,23462.69109947644,139.68494927032668,1.7622765763888888,1203.0765989847707,0.7510144940683892,1.01321306462821,52.500822898032176,121.42103263888897,1.0144397496522917
2017-03-10,23567.412162162163,140.0847419038272,1.7576934117647074,1199.546637254902,0.7530828318584074,1.0111488420019634,52.058765957446745,122.48491078431367,1.01512818627451
2017-03-12,23701.6,139.69845301204813,1.756117404761905,1205.514155405405,0.754876320987654,1.0096741362530424,51.01564705882355,122.70036276849643,1.0159986419753086
2017-03-13,23823.48947368421,140.14802920723207,1.762570458333339,1205.2930210602765,0.7571785314685301,1.0077601259622124,51.28676360225149,122.40597152777772,1.0181951639916265
2017-03-14,23761.437086092716,139.55469713886944,1.756068736111111,1202.2085206671509,0.7560129531140646,1.0087670251396594,51.133056351480406,122.032425,1.0184190472879022
2017-03-15,23850.747003994675,139.66689791666658,1.7535462361111134,1209.0494416243664,0.763076988873436,1.0050927430555563,51.75503809523815,121.7678937499999,1.0220581527777768
2017-03-16,24314.86780104712,139.6757961029922,1.7636514791666664,1226.708680203044,0.768062491301323,0.9972898469032697,51.96812999999996,121.7387854166665,1.0226128670842047
2017-03-17,24336.236065573772,139.84163850687622,1.7651064965652605,1228.5349999999983,0.7694525638506876,0.9966858956692896,51.798439716312025,121.56397745098066,1.0258478115799805
2017-03-19,24407.072727272727,139.48556594724215,1.762020526315788,1231.8880222841226,0.7708805023923445,0.9968785301204818,51.49423076923074,121.05483293556081,1.0277131894484417
2017-03-20,24524.466843501326,139.41554323570443,1.7563761238691746,1232.8869180565637,0.7725906512605045,0.9976444514325645,51.507464646464605,121.09509374999992,1.0309442479108653
2017-03-21,24540.30657894737,139.60469284225158,1.7666515427380125,1238.5630601885423,0.7702950557880056,0.9948907402234604,51.43578947368422,121.08897567755393,1.0275838649025024
2017-03-22,24319.83617300131,138.76938178025028,1.7708579652777783,1247.1205732946294,0.7666873449477369,0.9920797760671782,50.50739002932552,120.13020986796366,1.0240179569145258
2017-03-23,24359.365661861073,138.932999305073,1.7770453231410677,1246.2499346879524,0.7636558484005529,0.9930814216027866,50.68428284854568,119.80016678248764,1.0187428333333335
2017-03-24,24372.79391891892,138.75840000000008,1.7787798137254855,1245.5130784313735,0.7619902941176458,0.9922394499017674,50.71960693641623,119.94734901960783,1.0186187450980397
2017-03-26,24341.969696969696,138.30613221153857,1.7760187320574181,1254.5106406685243,0.762744247572816,0.9882444578313251,50.836220095693754,119.8570214285715,1.017283902439025
2017-03-27,24262.78947368421,138.8107531293462,1.7826927885952695,1255.83770682148,0.7625642927515807,0.9850190889978979,50.58211864406781,120.03280194579581,1.0189425069637934
2017-03-28,24373.427814569535,138.50045069444462,1.780471723419033,1252.6833526850492,0.7626154405594409,0.9882529916318009,51.27241887905608,120.08741376912388,1.0207251149825791
2017-03-29,24359.352317880795,138.04857291666627,1.7691583877692811,1251.5237490882598,0.7659255938158821,0.9954522733612258,51.93951028403522,119.63576944444465,1.0229980097425226
2017-03-30,24276.323033707864,138.96842837274,1.7782686638830907,1246.9191080493122,0.7657470938375346,0.9984490890125157,52.61411764705879,119.43962777777801,1.0203525558659248
2017-03-31,24153.28308207705,139.49158194308143,1.7857669676153114,1244.626516192345,0.7643255108055017,1.0008214524043177,53.11184720638538,119.30636211972528,1.0184489783889992
2017-04-02,24226.145454545454,139.6143614457832,1.789059114832534,1248.5835654596096,0.7626043969849247,1.0016360837438432,53.46873134328354,118.80751318944854,1.015438202531645
2017-04-03,24233.54761904762,138.83789979123162,1.7848778621169905,1250.5933889695207,0.7604209355067343,1.0018469415081075,53.339957127545574,118.48652638888886,1.016371282410655
2017-04-04,24288.608695652172,137.64364265734233,1.783072077831832,1256.5056095791008,0.7564436720392426,1.0020712997903596,53.64272904483433,117.97104102920714,1.0146254125874086
2017-04-05,24345.725721784776,138.21534492350474,1.7900029375000024,1252.9211385061626,0.7569691969273739,1.003662569637884,54.47077299412911,118.21603402777784,1.0154053175157018
2017-04-06,24257.648221343872,138.10724181184673,1.7887331897150798,1253.8699492385797,0.7544275757575742,1.0044685634197652,54.78161080074487,117.97038263888868,1.0126327843684544
2017-04-07,24228.638935108153,137.56402254901965,1.7839639901960809,1262.2042352941162,0.7517773601570168,1.0064387843137248,55.33580063626729,117.68140980392153,1.0071128627450971
2017-04-09,24277.21818181818,137.78799520383697,1.784587043269229,1253.5338440111432,0.7495724060150374,1.0096125301204821,55.33581730769238,117.7898421052631,1.0052822749999994
2017-04-10,24214.374507227334,137.81908559498936,1.7847275869262895,1253.3969112252394,0.749571114225648,1.008807113906353,55.75325178389405,117.61701527777792,1.0013724930167605
2017-04-11,24066.614980289094,137.1054043145442,1.792340389972147,1266.573347857663,0.7499165872459702,1.0075616387726638,55.9361918892186,116.70834840055636,0.9994238877192967
2017-04-12,24213.29488859764,136.85383008356544,1.8008230486111125,1278.2784771573606,0.7508107456445975,1.0052344011142045,56.1178290105668,116.23779861111096,0.9977034909596663
2017-04-13,24256.718333333334,136.64419831223634,1.7887482996515771,1285.9818449460265,0.7576571368421041,1.0045742538354263,55.80448387096769,115.97671418636989,1.0061119986023717
2017-04-17,24054.969696969696,136.43356545961024,1.789771160839157,1287.1894694767445,0.7588667476769116,1.00371404895105,55.48170879676448,115.60229812369691,1.0095437124912783
2017-04-18,23878.20942408377,138.36523504867878,1.8108258026407262,1286.8061058738224,0.7548711843027316,0.9991952859135261,55.0205086372361,116.22817152777796,1.0090043226256964
2017-04-19,23834.64447403462,139.4171618055553,1.824134007017542,1281.564039158809,0.7508224087078661,0.9976349721059935,54.22470986460342,116.6807881944444,1.0099224703419407
2017-04-20,24036.076115485565,139.87963516330777,1.826245104166658,1280.0985486211905,0.7523491386554636,0.9971535519888347,53.11505629477993,117.20247152777782,1.0140096288515406
2017-04-21,24029.86026936027,139.65209528487253,1.8244131108930297,1282.6561258603717,0.7533958881256135,0.9982729793510307,52.556183035714305,116.83429833169774,1.0160580490196114
2017-04-23,24042.945454545454,140.99582577565624,1.8203969689737471,1273.4587743732588,0.7557344844124708,0.9943253809523814,52.207999999999956,119.53579761904768,1.0190361778846149
2017-04-24,24209.376146788993,140.6738729166664,1.8220970118137623,1273.4859579100137,0.7563588450704251,0.9956953519163737,51.941233140655044,119.41473749999993,1.0204793449477334
2017-04-25,24498.356200527705,142.04713639526787,1.8433893888888873,1267.0897898550731,0.7535565607344644,0.9938402863128484,51.76991712707187,120.87570069444436,1.0228710599721111
2017-04-26,24576.97480106101,142.90001180555555,1.8606617327766193,1265.1902878228773,0.7483540880503129,0.9938951678321669,51.81739503816801,121.37744753300899,1.0170844902234635
2017-04-27,24556.10135135135,143.46471877180713,1.8736676233495504,1264.66151053014,0.7468950280112018,0.993935860627178,51.37209213051821,121.07707852675478,1.0162087413073735
2017-04-28,24540.927241962774,144.03797838899797,1.8830394117647016,1266.4606090373265,0.7474955642787052,0.9931816224188805,52.13314533622557,121.41424803921561,1.0205775980392149
2017-05-01,24589.442424242425,144.32812100139085,1.8714121811846673,1260.0440856313508,0.7522086680761126,0.995334609375001,51.58814659685864,121.90698054204306,1.0279596423562385
2017-05-02,24561.69723183391,144.8136741102583,1.8641800694927042,1255.6484263959355,0.7527764845938404,0.9931559440559479,51.2991886792452,122.40980833333313,1.0312242032011139
2017-05-03,24482.2,145.0361606397775,1.8671485396383836,1247.8354499274321,0.7454042777390121,0.9922039999999971,50.71113721804506,122.64093680555555,1.0227085415212855
2017-05-04,24500.144370860926,145.36879409697798,1.8789573245309277,1231.1888154069768,0.7403360559440548,0.9897521093202547,49.32411872146122,123.35162430555546,1.0172687595818835
2017-05-05,24341.16610738255,145.56816192345417,1.8764508921568628,1230.6941159135567,0.7398914411764695,0.987823686274512,48.49215151515153,123.46249117647062,1.0164735294117628
2017-05-07,24425.484848484848,146.22969451073993,1.8774031980906924,1230.1313927576618,0.7404206112469448,0.9892413809523818,49.73665441176469,123.87413571428563,1.0112617848410765
2017-05-08,24459.993446920053,146.24030458970785,1.8714058333333277,1229.177721335269,0.7391339818688983,0.9956233914863917,49.2254482758621,123.54530486111119,1.0116725469728582
2017-05-09,24792.124338624337,147.29306740792217,1.8760050763888907,1222.1295715323151,0.7348337943015985,1.0045892772758849,49.09791666666664,124.01594236111113,1.007346274373262
2017-05-10,24978.280212483398,147.63704181184642,1.8752497777777772,1221.0500870827275,0.7365907708333355,1.0077738857938676,49.68286900369015,124.01740653231396,1.0085886230876195
2017-05-11,25005.527559055117,146.9251307371348,1.8838676077885987,1223.4397895500733,0.737013562978431,1.007679514767936,50.76863507108997,123.8201570535093,1.0102094836008364
2017-05-12,25072.544991511037,146.1807137254903,1.879339764705887,1228.2922767419043,0.738991432777232,1.0051855226824453,50.7609695603157,123.70793039215684,1.0130015784313717
2017-05-14,25195.47272727273,146.0457139423076,1.8762728297362115,1229.2534540389975,0.7393413930348262,1.0010529756097568,51.06926724137934,123.82877142857149,1.0131530147058823
2017-05-15,25272.14097496706,146.62668016759795,1.8735119276269998,1231.9451233671964,0.7421415164220833,0.9973666085136039,52.010477845351865,124.563348611111,1.0121416841369626
2017-05-16,25301.138157894737,146.13236985345452,1.8751884005563275,1237.0463161711384,0.7421139958159001,0.9881566226546195,51.7799491525423,125.23893541666672,1.0100506958942217
2017-05-17,25240.441677588467,144.56692911744264,1.87230072916666,1253.2788687454652,0.7422935972222228,0.9808218175487436,51.927199646643125,124.23673888888875,1.0100536944444436
2017-05-18,25117.222222222223,144.1746789693592,1.8772183785664607,1254.0538405797088,0.7430401264933233,0.9793313756983212,52.17939609236243,123.54641388888885,1.0116575922059823
2017-05-19,25226.14907872697,144.82619117647047,1.883155333333335,1252.1520825147336,0.7444331764705899,0.9764542477876097,53.272251082251096,124.38786862745097,1.0095756974459735
2017-05-21,25347.969696969696,144.80670743405264,1.8764328400954646,1254.6603899721438,0.7445625358851669,0.9736116586538454,53.96866071428575,124.68545346062062,1.0067070944309917
2017-05-22,25376.492791612058,144.58866504517005,1.8622706810284928,1258.5860856935367,0.746861055206149,0.9729150595655228,53.922960644007176,124.88200902777773,1.00857041229909
2017-05-23,25381.301861702126,144.641504178273,1.847900653685679,1256.836664249456,0.7486225350140037,0.9737494689028704,53.829281867145525,124.98794791666678,1.0103413342599004
2017-05-24,25436.818897637797,144.92126495132132,1.8444289784572638,1253.9158490566042,0.747906541143653,0.9749789488437295,54.17952870608412,125.17629485396375,1.006801701534173
2017-05-25,25640.373173970784,144.69553198887357,1.841588927576597,1256.6272258533065,0.7465174982480739,0.9725470251396676,52.709826839826846,125.34544999999994,1.00402598885794
2017-05-26,25616.89464882943,142.79257058823518,1.8207244215686273,1264.7707988165675,0.744246545632974,0.9733277876106187,51.645338894681885,124.5013147058824,1.0018046176470596
2017-05-28,25661.763636363637,142.6426423173803,1.816718009828009,1267.1810198300277,0.744192462686568,0.9750309711286087,52.1818502202643,124.34473349633248,1.001254054726368
2017-05-29,25649.944751381216,142.74500699790053,1.8168242727905406,1267.1696403508772,0.743686811387903,0.9762021338028145,52.14085682074413,124.1951949860725,1.0007405915100913
2017-05-30,25536.81818181818,142.40904450625857,1.8134293259207757,1263.3826033357504,0.7453211360448795,0.9761416643356657,51.84532676812896,123.84549930555562,1.0037619944405842
2017-05-31,25484.019659239842,142.47195337508737,1.8127283379694077,1266.432625090644,0.7436596643356659,0.9704012308762194,51.1070078057242,124.3379812369703,1.0025797774687066
2017-06-01,25611.268163804492,143.28942677824298,1.8214371597222223,1265.2507512764391,0.7388451464435153,0.9704308868715107,50.8033786078099,124.88420208333322,0.9975267732962431
2017-06-02,25720.213425129088,142.92357058823518,1.810696647058827,1269.0005294117645,0.7409818467583504,0.9676094783464587,49.7868338557994,124.86125392156872,1.0012610980392156
2017-06-04,25709.478787878787,142.16943583535104,1.8029427207637243,1280.376155988859,0.7437297578692491,0.9634557384987895,50.08206896551727,124.56377088305483,1.003439136690648
2017-06-05,25685.225035161744,142.49244600280514,1.808222134909592,1280.6386782861289,0.7476742666666648,0.9645974261603348,49.687396798652124,124.32299791521896,1.0075841398601408
2017-06-06,25814.254641909814,141.31760739191088,1.797213312456503,1291.3725417574465,0.7503421693491966,0.963113760504202,49.5822434782609,123.3709055555556,1.0096025471039771
2017-06-07,25796.76759628154,141.7538642061284,1.7979324044475307,1289.359169184291,0.7548063323983177,0.9644844839609478,49.01359894921185,123.32788194444456,1.017673540069687
2017-06-08,25889.59735099338,141.79017847222227,1.7878912152777704,1280.2583139534893,0.7541637552155803,0.9672067407922175,48.06797214969534,123.43756527777757,1.0187066620305998
2017-06-09,25893.88115449915,140.54011274509807,1.7660533758586878,1271.0271764705883,0.7532413654223992,0.9700446078431376,47.9849564270153,123.53380098039212,1.0154330814524017
2017-06-11,25704.127272727274,140.56257384987896,1.7678961778846145,1267.4833426183857,0.7530244587628855,0.9687754390243898,48.35094339622638,123.58499760765557,1.012843638613861
2017-06-12,25614.049411764707,139.46331480194578,1.7612811666666692,1266.571748911467,0.7541043146853156,0.9684955049088368,48.52143124415346,123.22070763888907,1.0095396518105866
2017-06-13,25698.485906040267,140.05945294943817,1.7624244428969345,1265.2456458635713,0.7540499645641405,0.9683685234429674,48.39919928825621,123.34176372480904,0.9989116050244224
2017-06-14,25664.9385026738,139.96209686411163,1.7577267477414904,1268.1244855072473,0.7591365666434052,0.9692329775280918,47.642319357716374,123.1592388888888,1.0035701046755041
2017-06-15,25438.481723237597,140.81838359046256,1.768114972183589,1256.339673439768,0.7589402039381165,0.9742312429775327,46.91237533998201,123.29232430555534,1.0067758666666682
2017-06-16,25489.67284991568,141.89406673209018,1.7648740471512743,1254.5360963618493,0.7609862708537756,0.9740521491658493,47.25999999999998,124.11721960784315,1.00755253438114
2017-06-18,25700.49090909091,141.6938377723972,1.7565286956521733,1253.4795786516859,0.7621652130325813,0.9733746928746937,47.20846590909091,124.25527098321348,1.0072548743718586
2017-06-19,25767.156545209178,142.04311752433924,1.7603737256267429,1247.8264316860477,0.7601497331460674,0.9740113834269659,47.24193986420947,124.3784999999998,1.0051341364902524
2017-06-20,25655.24934036939,141.08879204466152,1.747025945757993,1244.8307837445564,0.7589787033121924,0.9747467415730354,46.15042553191507,124.20814652777774,1.0059716176470597
2017-06-21,25582.169960474308,140.86723676880237,1.7492703055555583,1246.741350762526,0.7555950313152375,0.973595735397607,45.459511111111134,124.11892222222232,1.0053752613240443
2017-06-22,25688.882352941175,140.98091935483862,1.7452293076923064,1251.206828737301,0.7545119844082186,0.9722792005610136,45.15531622364792,124.12597777777754,1.0006577096546847
2017-06-23,25626.60472972973,141.55363984298327,1.74659376470588,1255.4477755905507,0.7568530327056476,0.9700286179664367,45.41378114842908,124.4132500000001,1.002523986220471
2017-06-25,25738.842424242423,141.7934033816426,1.7499161151079126,1256.1629203539824,0.7570741769041764,0.9693476412776417,45.900666666666744,124.57006682577558,1.0039242372881363
2017-06-26,25818.53856382979,142.14485384615404,1.746686207376476,1245.1667271407832,0.758265667613637,0.9714352953586572,45.79242537313438,124.94910138888903,1.0043800698324032
2017-06-27,25762.98289473684,143.15705845511465,1.753432055555561,1249.1486419753069,0.7596682630098458,0.9641469155617637,46.419929078014086,126.48273958333344,1.0025512761506274
2017-06-28,25733.12614980289,144.65759735744112,1.7672782103064042,1250.81822931785,0.7622392571828985,0.9596205555555578,46.915692025664576,127.60843819444442,0.9966236882393855
2017-06-29,25744.888121546963,145.80521642310353,1.7784669652777751,1246.2354571843243,0.7676296207865214,0.9570750731707308,47.63649523809517,128.23858958333335,0.9985578621169906
2017-06-30,25620.353535353537,145.76800196270864,1.7740057269155154,1243.096535433071,0.7683326009852218,0.9581297148475902,48.15125714285717,128.03580667320892,0.9972728164867507
2017-07-02,25653.751515151514,146.1239781021897,1.7744796889952181,1239.8056179775276,0.7683443309002437,0.9589400244498767,48.8681958762887,128.2361196172248,0.9969954926108369
2017-07-03,25688.651193633952,146.5698113207546,1.776400327070281,1227.6025000000006,0.7660732388377028,0.9622790851513019,49.17223908918402,128.65635972222222,0.9953478686233396
2017-07-04,25308.056878306877,146.28882889200565,1.774901167477414,1224.8640035118528,0.7609612658227877,0.9646391654978888,49.5662514827996,128.43666504517017,0.985868158995814
2017-07-05,25445.513089005235,146.40058745644612,1.775864461431549,1223.7764270152509,0.7599373897830661,0.9653508467459774,48.57029335634169,128.48413124999988,0.9851955741127336
2017-07-06,25397.262123197903,146.75513877266383,1.781033830083566,1223.8171875,0.7588803030303038,0.9627791067690149,48.22244268077602,129.03983194444461,0.9834517376133985
2017-07-07,25325.221283783783,146.944032384691,1.7736065196078443,1217.0015830875125,0.7597382638888894,0.9628543025540308,46.97953005464482,129.8558754901963,0.982512803921569
2017-07-09,25515.727272727272,147.02561870503573,1.7720880335731417,1212.0794915254244,0.7603745208845207,0.9638746384039888,47.029314516129055,130.05302619047626,0.9794370197044342
2017-07-10,25560.45418326693,147.02219775596083,1.7723192136395267,1211.2143437273396,0.7601932087447129,0.96564551966292,46.78677333333338,130.08241111111087,0.9801437439109272
2017-07-11,25950.976158940397,146.77111420612795,1.7807411543810847,1213.9504145454569,0.7625750281293955,0.9658183646485733,47.25698096885823,130.40619097222228,0.9846580516759785
2017-07-12,26191.265091863515,145.857719054242,1.7748560667129891,1219.8798109090887,0.7667919309372823,0.9639334965034927,48.016301747930115,129.56300416666676,0.9828843837534967
2017-07-13,26351.84196547145,146.44362282533064,1.7673822701949866,1219.429795918368,0.7726284328882623,0.9659317914625617,47.93141791044771,129.18420763888875,0.9840971218487388
2017-07-14,26421.827288428325,146.9691972522081,1.77604030392157,1223.7402551521109,0.7785074407114629,0.9661326104023557,48.687798672566416,129.11956470588237,0.9886794995093223
2017-07-16,26519.775757575757,147.46741119221403,1.7842685645933016,1230.7562674094718,0.7821151351351356,0.9637768915662657,49.02759124087597,129.05086396181386,0.9892677184466028
2017-07-17,26490.013071895424,147.07201393728235,1.7849626008344963,1233.3894126178423,0.7816331494413405,0.9623705582693647,48.774686078252934,129.13343263888902,0.9902785753995802
2017-07-18,26529.40867279895,146.1768369337979,1.7743177468706524,1240.1495576504715,0.7919611608391622,0.955471780250341,48.71322064056938,129.41909173036822,1.0002887395543176
2017-07-19,26703.83201058201,145.79728661087847,1.769906845031267,1240.6443437273372,0.7942289657582107,0.954758878830089,49.22674017257917,128.9625020833336,1.0015440722724118
2017-07-20,26741.91304347826,145.36091498257827,1.7586163604732106,1241.77468658892,0.7934871848739484,0.953793868715082,49.59879359095187,129.70985902777775,0.9997341155988857
2017-07-21,26740.479933110368,144.76815717092344,1.7461912941176425,1249.8966699507414,0.7912148279252703,0.9483787340529944,48.79877969762424,129.8598215686273,0.9941733758586863
2017-07-23,26833.557575757575,144.34263989637304,1.7462802427184467,1254.5721169916437,0.7914939557739556,0.9455389655172429,48.04782828282824,129.55563245823393,0.9926683292978215
2017-07-24,26857.045454545456,144.61570929419992,1.751869625000003,1254.921108695651,0.7931873174157333,0.9463814804469274,48.44071559633031,129.30942986111089,0.9928518593314799
2017-07-25,26900.45660881175,145.42353980446921,1.7545859874826197,1251.2678260869561,0.7936718143459863,0.949529707927677,49.68724423963126,130.04601250000013,0.9926806388888872
2017-07-26,26939.118666666665,145.81363630041727,1.7502349513888895,1252.455173913043,0.7950533194154523,0.9542305771905358,50.66904893813483,130.26277083333338,0.9926337039610827
2017-07-27,27088.771276595744,145.73367385257322,1.7447184390243866,1260.7531036983296,0.7992247505270546,0.9613102226861516,51.15232294617556,130.09746527777796,0.9992462150837985
2017-07-28,26946.847549909256,145.391776470588,1.7489459705882329,1263.5149607843148,0.797468076545634,0.9691549117647064,51.91004324324331,130.10557450980392,0.9964054170755652
2017-07-30,27067.242424242424,145.17484878048776,1.7481882014388501,1269.3499442896941,0.7977507000000003,0.9684689663461534,52.326144067796584,129.8140956937799,0.9940041336633664
2017-07-31,27248.430481283423,145.35900486448918,1.7549254659249007,1268.2112727272709,0.7989823200559073,0.9677202019498603,52.29683923705727,130.12390757470448,0.9973013917884491
2017-08-01,27531.606815203144,145.77978372739918,1.7683448432055753,1269.0510587382164,0.7979719691660823,0.9658814425087084,52.00756513926326,130.32332291666643,0.9985078194444434
2017-08-02,27543.83266932271,146.3668884239888,1.780907386759581,1266.514880348079,0.7960304154929552,0.968925111265648,51.866940298507465,131.10316458333332,1.0004491556175863
2017-08-03,27522.42119205298,145.1746708507672,1.7731075452016671,1266.2375416968825,0.7941964411557405,0.9689742288904392,52.257057745188035,130.82023541666658,0.9993417869656606
2017-08-04,27519.294520547945,144.59319449901747,1.7628713725490173,1263.659705882354,0.794582297830376,0.97045403543307,51.975618838992304,130.58252254901953,1.0015874532940028
2017-08-06,27621.739393939395,144.4996576354679,1.7610390314769961,1257.9246796657374,0.7935666995073883,0.9722336077481822,52.37674641148329,130.52969951923072,1.0028676213592225
2017-08-07,27597.416777629827,144.40725035063105,1.7703875766016697,1258.004147933286,0.7916265815602849,0.9728683193863334,51.998918669131236,130.65049895760944,1.0032164325842703
2017-08-08,27748.390309555856,143.52101949860744,1.7716615625000034,1260.4550579710144,0.791050763840225,0.9732003059805295,52.19482238010658,129.951132638889,1.002403935799025
2017-08-09,27617.43848167539,142.92329986052997,1.7737985535465943,1271.9728426395934,0.7884046713286702,0.9647215202231496,52.39844529750492,129.13210486111115,1.0008993286713304
2017-08-10,27281.181699346405,142.13282904794968,1.78453370138889,1283.0726831036984,0.7876057784011226,0.9639637308228735,52.567317073170635,128.6243745656706,1.0022060654596114
2017-08-11,26903.831946755407,141.6475603532874,1.779950707269153,1287.2549607843139,0.7872099901477823,0.9615921884200205,51.69441145281027,128.57966764705873,1.0003401082677161
2017-08-13,27122.303030303032,142.1695336658354,1.7780228329297816,1287.9267409470751,0.7902944529262084,0.9628177053140095,52.026022727272746,129.20800477326972,1.0017366666666658
2017-08-14,27216.68372703412,142.36828850174217,1.7782197073170656,1281.7009811046528,0.7867699079320101,0.9698638951048998,51.43935114503815,129.37661805555558,0.9998357713884986
2017-08-15,27166.05635648755,142.41233774373225,1.7759784846368716,1272.929717391304,0.7830425140449441,0.972837729805013,50.63430331753552,129.7484354166667,0.9982776708507651
2017-08-16,27444.76047120419,142.2439415855353,1.7695043245125384,1276.6728498912269,0.7889066922005569,0.9702268575418977,50.80285436893197,129.69771041666633,1.0008229637377966
2017-08-17,27196.198433420366,141.37253342618388,1.7640435163307833,1286.7578140885985,0.7913809643605854,0.9640349061848504,50.55212627669456,128.7911513888889,1.0007800767620387
2017-08-18,27055.928213689484,140.56498333333334,1.7602011296660112,1291.2022254901974,0.7918908047104994,0.9626583022571159,51.596247264770184,128.19270098039223,0.9991638174681031
2017-08-20,27126.121212121212,140.67149999999995,1.7597709500000003,1284.1330640668536,0.7927523746701847,0.965295456790124,52.707333333333374,128.4730024330901,0.9977016927083336
2017-08-21,27214.620734908138,140.51724825662484,1.7603059316120024,1289.2035895576512,0.7933171773049618,0.9638065644599302,52.119860205032616,128.50266527777796,0.9976808976157047
2017-08-22,27432.86744966443,140.46836882393887,1.7617591991643404,1285.5980928208826,0.7912040411931831,0.9668639470013954,51.81868173258004,128.78220138888895,0.9941555034965008
2017-08-23,27526.63855421687,139.75870062805302,1.7721491104933982,1288.129804205946,0.7898619354838706,0.9664426356050027,52.02607458292444,128.78302430555559,0.9923484111498286
2017-08-24,27561.130434782608,140.07329108635116,1.7755907232266992,1286.815673913041,0.7895651258741271,0.9649563591893725,52.25139399806391,129.08323055555547,0.9892175069637914
2017-08-25,27922.17,140.59544313725473,1.7769851960784298,1288.6628431372528,0.7919904236453194,0.9614488420019637,52.35539792387543,129.59224411764708,0.9899783613030593
2017-08-27,27991.09696969697,140.84215827338113,1.779889975903611,1293.5628412256272,0.7939912658227846,0.9555470123456783,52.64180392156863,130.34958513189443,0.9904001965601954
2017-08-28,27882.758530183728,140.88847569444457,1.782887028531666,1305.3234590282816,0.7943576367461412,0.9541764220824609,52.16464186046508,130.37133888888908,0.9920337708333341
2017-08-29,27803.755235602093,141.19722739916557,1.7817462717770036,1315.8279260333572,0.7959183810188413,0.9509263110181307,51.81401646843558,130.98955625000008,0.9950194002789366
2017-08-30,27939.236806495264,142.36748712595707,1.7899679833101516,1308.202559825962,0.7927413976240385,0.9599269134078179,51.3063203050525,131.30806666666695,0.9977085306406663
2017-08-31,27936.96719160105,142.3293275139667,1.8012592559109815,1313.4647643219698,0.7920348845346384,0.9620849232914968,51.76572222222224,131.05770911621414,0.9939308420320156
2017-09-01,27915.155668358715,142.5596705882353,1.8065538725490153,1321.2138529411754,0.795260638506876,0.9615625863770995,52.602381997804656,130.94039411764695,0.988459813542692
2017-09-03,27796.515151515152,142.2492548076924,1.807920047961633,1334.3216434540407,0.7961674880382765,0.960749282296652,52.46133027522936,130.42484449760772,0.9861606682577566
2017-09-04,27749.704939919895,141.81927805575415,1.8043778103207793,1334.8797805092186,0.7953063277249426,0.9579815483870978,52.36811230585427,130.43708756080585,0.9868300353606801
2017-09-05,27649.72440944882,141.61245726198734,1.7995951392757594,1336.4780710659893,0.7989680377095016,0.9563356745479831,52.90076356945711,129.76601666666662,0.9892173398328702
2017-09-06,27592.15748031496,142.16259999999994,1.808553043780402,1336.5812826086974,0.7990948775367422,0.9555752370990238,53.886153110047786,129.97181597222223,0.9824999512534806
2017-09-07,27549.62614379085,142.12540236275163,1.8108578566457874,1343.6282015953607,0.803137442348007,0.9517857522743122,54.34866602687136,130.31186805555575,0.9761925209497202
2017-09-08,27674.422818791947,141.97528823529413,1.8073534117647074,1350.1753431372542,0.8084355402750497,0.94596099116781,54.387308934338044,129.81821666666661,0.9793991952895008
2017-09-10,27927.6,142.8689326923077,1.8201620192307681,1337.2832033426175,0.8047731961259083,0.9482120240963857,53.97021052631577,130.18681384248208,0.9777759472422074
2017-09-11,27943.505928853756,143.62396510816467,1.8160304808362424,1332.1479622915133,0.803336699438201,0.9529290007037301,53.679715370018904,130.5409590277777,0.9738600625869267
2017-09-12,27910.44192256342,145.76816191799847,1.8206685763888875,1328.1669565217408,0.8025646671388088,0.9589296751412472,54.01972537878791,131.46960902777786,0.9750475504523307
2017-09-13,27834.994722955144,146.11508153310115,1.8233264435146437,1326.3777536231887,0.8006085211267621,0.9623148161244685,54.7203831041257,131.5887597222221,0.9744114395527587
2017-09-14,27720.851706036745,147.18454520166907,1.8452983599722068,1326.1010942028968,0.7992420211267625,0.9646632303370752,55.37693269230764,131.3695777777778,0.9737686221294362
2017-09-15,27771.108877721945,149.99900490196092,1.8607285490196088,1324.5580000000014,0.8006067649950867,0.9607817549019602,55.469742152466395,132.37879509803903,0.9745851960784304
2017-09-17,28034.38787878788,150.97612348668287,1.8600689371980679,1317.8449025069633,0.8009112468827936,0.9603224358974342,55.60358823529407,132.73077108433733,0.9760578292682934
2017-09-18,28130.525965379493,150.75029305555563,1.8585020876826719,1310.9449346879564,0.7983153976073187,0.960820463808853,55.4430977734753,133.14824305555555,0.9770427885952686
2017-09-19,28069.883845126835,150.77772733612264,1.8492989228630987,1309.175453226975,0.8000738939929327,0.9621267814476432,55.41323359073349,133.7588833333334,0.982872590529247
2017-09-20,28113.418326693227,151.1801057023643,1.8380774408901221,1307.933321247281,0.8036833519553069,0.9649501677148864,55.8810875842156,133.65335763888893,0.9878965760111554
2017-09-21,28051.32920110193,152.1521502086233,1.8521607585246966,1293.771601449276,0.7939531034482737,0.9711548482710001,56.189298418972406,133.9966395833333,0.9793813389121351
2017-09-22,27831.984797297297,151.7565485770363,1.8513025270403167,1296.1560882352956,0.795845492125985,0.9689809823182711,56.57229016786567,134.00002450980404,0.9793172495088407
2017-09-24,27619.80606060606,151.77314354066985,1.8539372182254197,1292.784289693593,0.795874282178216,0.9706926196473552,56.819848484848535,133.92300238663486,0.9818802415458949
2017-09-25,27480.382081686428,151.01164300626291,1.8568076552686643,1301.2997608695646,0.7947447712878221,0.9692137828246971,58.12030993618958,132.8578986111112,0.9813277870563653
2017-09-26,27552.430263157894,150.73424250871085,1.865466432545198,1300.6200072463757,0.7896563191489369,0.9697884647592491,58.58038495188101,132.22838333333326,0.9766094158553545
2017-09-27,27595.628758169936,151.1201607515657,1.8590255555555586,1287.0326758520655,0.7852844779257165,0.9730368461538507,58.043034111310575,132.50147708333338,0.9756148052851176
2017-09-28,27395.132791327913,151.09456745479824,1.8600856884561894,1284.3656417693992,0.7835465142857158,0.9719800422535236,57.74893881453158,132.6011945795692,0.9761077948360104
2017-09-29,27501.884210526317,150.7492374877332,1.8550990677134438,1285.3010500490684,0.7839710957551842,0.9697258308751241,56.948046614872304,132.83808047104998,0.9765458153241664
2017-10-02,27887.666666666668,149.9095382475661,1.8477138885017423,1272.9613850616388,0.7820867603654273,0.9731630112044831,56.062068273092414,132.4292201388888,0.9783943949930444
2017-10-03,28181.404858299597,149.6007038327525,1.848706961057025,1271.9240072463774,0.7825620874471106,0.9743027464788727,55.930751565762115,132.6084527777776,0.9781911736111102
2017-10-04,28322.286195286197,149.3805000000001,1.8496159220598485,1275.3380043541363,0.7853754551870128,0.9740282402826864,55.76426294820729,132.5268854166663,0.9797780839160801
2017-10-05,28484.945454545454,148.22159342197324,1.84371788595271,1272.6980072463764,0.7804351587861658,0.9774942937456098,56.488817635270564,132.20684930555564,0.9778875104602508
2017-10-06,28413.382799325464,147.53576349362126,1.8427029901960745,1269.727745098039,0.7764908571428588,0.979427023575638,56.20946248600221,132.23684705882363,0.9756756666666674
2017-10-08,28362.60606060606,147.28335609756107,1.850403150357995,1279.194206128133,0.7774866997518611,0.977874775000001,55.67741573033704,132.14263788968822,0.9745390709046453
2017-10-09,28313.55909694555,148.02912743732588,1.857779819193319,1282.7696231884042,0.7761856704707562,0.9789551909476664,55.6200589970501,132.30919097222232,0.9734242424242442
2017-10-10,28475.798948751642,148.29210265363142,1.865308368055552,1289.319884057973,0.7784202042253501,0.9759991386554655,56.40374874371859,132.58750277777784,0.9737454849965131
2017-10-11,28362.005263157895,148.45375643702153,1.8657252152777757,1290.053442028983,0.778985077138849,0.9735876462395545,56.668273520853425,133.08366597222235,0.9727994084899104
2017-10-12,28446.352862849533,148.58363066202062,1.857525211952744,1294.34215529753,0.7823584675141266,0.9744491125087369,56.39097077244263,133.02445069444443,0.9752136427076047
2017-10-13,28511.48397976391,148.85530058939096,1.8552763431372599,1298.0464901960777,0.7861330481809243,0.9746060019646354,57.08811643835625,132.5119862745099,0.9808819627085373
2017-10-15,28733.121212121212,148.75752415458936,1.8518349636803881,1302.3795543175486,0.7878161989795921,0.9752191219512198,57.72973684210525,132.20623501199043,0.9833340246913566
2017-10-16,28710.89851150203,148.57327247386763,1.8481756050069562,1300.1634057971012,0.7860809634317872,0.9754829818435764,57.894384288747254,132.0565615010423,0.9837798885017405
2017-10-17,28686.39945652174,148.19442396636245,1.8419069504535883,1287.4052864394475,0.7844274166075266,0.9782502176966269,57.93710604558971,132.0116930555557,0.9829789422407785
2017-10-18,28699.272357723577,148.75767084203213,1.8460655246699111,1281.0803918722772,0.7841528876244688,0.9806583135059456,58.18635188866792,132.84490757470473,0.9792687404314516
2017-10-19,28327.08224543081,148.37313440111424,1.8728576928422513,1285.5490144927553,0.7865811714890605,0.9773117236566647,57.45145240431806,133.3027041666666,0.9815209179415816
2017-10-20,28439.253756260434,149.17785475956842,1.8860110107949004,1281.4466176470607,0.7833178196233903,0.9826673596059106,57.2737570303711,133.71428431372544,0.983570294406282
2017-10-22,28315.757575757576,150.15200477326977,1.8972687499999987,1276.1259888579382,0.781282048780488,0.9850351492537308,57.89994652406416,133.9600999999999,0.9867601918465226
2017-10-23,28306.6812749004,149.9431524475523,1.8932432566248245,1278.215192168238,0.7811968361581926,0.9854629603399433,57.59988821138215,133.5369791666665,0.9871445728291318
2017-10-24,28208.997361477574,149.67976692253995,1.9033486935371715,1277.379282608695,0.7775776998597459,0.9886006136680637,57.819990300678995,133.82979027777785,0.9847103616133526
2017-10-25,28241.18372703412,150.5215556328233,1.9216486379430164,1275.9679912980462,0.7706938791286011,0.9901181608391599,58.30146999999996,134.21832152777785,0.9826254273801259
2017-10-26,28302.821756225425,150.10367129951362,1.9230815347222259,1272.7777971014498,0.7679762114845952,0.9944188173547934,58.670883765609844,133.41708125000014,0.985115715277778
2017-10-27,28419.47394957983,149.44094891944997,1.9127765063788047,1268.6721176470594,0.7650204429133853,0.9995746221786067,59.638058139534884,132.36672647058816,0.9847193627450989
2017-10-29,28482.50909090909,149.30799756097548,1.914229379474942,1271.8827855153204,0.7672668965517243,0.9978612276214835,60.54515789473684,131.95069304556372,0.9840530548926012
2017-10-30,28292.812585499316,149.4488923076925,1.9218875104602506,1273.6342017416503,0.7677527027027041,0.9965827011896422,60.57542283298096,131.8547916666666,0.9851712883008371
2017-10-31,28268.468,150.38050871080162,1.931961223922115,1272.0565699782449,0.7661504350877181,0.9975331442577,60.65086153846147,132.12535510771377,0.9864503827418261
2017-11-01,28554.22864651774,151.34769123783028,1.9228375677553866,1276.0552501812895,0.7666550000000001,1.0008642857142858,61.040048923679045,132.62667638888882,0.9888600000000001
2017-11-02,28523.553359683796,149.74939846475928,1.8990727317073204,1277.207574437181,0.7708826977401138,0.9991611298245597,60.46004052684905,132.89334861111118,0.9885402102312543
2017-11-03,28557.211604095563,149.15342618110233,1.8888275098039236,1273.1488529411768,0.7665095177165346,0.9997904343534062,61.12712155963304,132.76589019607835,0.9803885461689588
2017-11-05,28241.0,149.44572009569376,1.8941565789473676,1269.1596657381615,0.7649772330097087,1.0005855825242713,62.27272727272731,132.74419523809516,0.9765692583732061
2017-11-06,28617.537549407116,149.708300348432,1.899068942240772,1275.5308266860027,0.7671449052631607,0.9995622551092304,63.155470319634695,132.27787500000008,0.9773410361613338
2017-11-07,28954.933774834437,149.94789707927674,1.903112251563585,1276.779637418419,0.7652243890449434,0.9993805754385988,63.88970669110908,132.05369652777787,0.9767388587334697
2017-11-08,28960.635479951397,149.27707361111104,1.891962100139086,1281.232492753622,0.7672769915848529,0.9995481114982577,63.51415341440617,131.92072222222214,0.9772868406402214
2017-11-09,29046.827956989247,148.94885684503117,1.888855945757995,1285.2329275362308,0.7677324388539492,0.9961656337047335,63.68630478087644,131.9088861111111,0.9746207777777788
2017-11-10,29065.52089552239,149.4988623402163,1.8991148129921234,1281.362196078429,0.7668422222222224,0.9948264803921593,63.858828039430335,132.21072352941172,0.9722199214145398
2017-11-12,29137.85542168675,149.2270311750599,1.896602004773267,1275.6358659217879,0.7651715085158151,0.9965558394160601,63.593255813953576,132.42996666666653,0.9709587050359703
2017-11-13,29146.989208633095,148.78473937282274,1.8984577885952663,1277.634082668601,0.7636137237026631,0.9960539185393257,63.30966700302712,132.37588472222237,0.9711962100139082
2017-11-14,29119.263349514564,149.01891573816147,1.9105111388888922,1277.943886874545,0.7622035578947373,0.9916759024390254,62.29296052631577,133.40734329395397,0.970817268292684
2017-11-15,28930.34928229665,148.69037500000024,1.9142957470465618,1280.857193618565,0.7590131145251388,0.9880356128133727,61.66230142566184,133.28788055555557,0.9682387977762373
2017-11-16,29124.5908543923,149.04048853370375,1.9244461709520473,1279.088115942028,0.7591334103641466,0.9921433891213394,61.59034644194756,133.06943819444442,0.9678796933797893
2017-11-17,29159.352765321375,148.53321295387622,1.9413816224188833,1286.4482041216881,0.7556369040553903,0.9906462377210183,62.055842332613416,132.56922080471054,0.9645861515748021
